ACTOR_ID,ACTOR_NAME
0,50 Cent
1,AJ Michalka
2,Aamir Khan
3,Aaron Burns
4,Aaron Eckhart
5,Aaron Paul
6,Aaron Poole
7,Aaron Taylor-Johnson
8,Aaron Yoo
9,Aasif Mandvi
10,Abbie Cornish
11,Abigail Breslin
12,Adam Brody
13,Adam Devine
14,Adam Driver
15,Adam G. Sevani
16,Adam Levine
17,Adam Sandler
18,Adelaide Kane
19,Adewale Akinnuoye-Agbaje
20,Adil Hussain
21,Adria Arjona
22,Adrian Grenier
23,Adrian Martinez
24,Adrian Titieni
25,Adrianne Palicki
26,Adrien Brody
27,Adèle Exarchopoulos
28,Aidan Gillen
29,Aidan Quinn
30,Akihiro Kitamura
31,Akiva Schaffer
32,Alain Moussi
33,Alan Alda
34,Alan Arkin
35,Alan Rickman
36,Alan Tudyk
37,Albert Brooks
38,Albert Finney
39,Alden Ehrenreich
40,Aldis Hodge
41,Alec Baldwin
42,Aleksandr Armer
43,Alex Fisher
44,Alex Pettyfer
45,Alex R. Hibbert
46,Alexander Black
47,Alexander Skarsgård
48,Alexandra Daddario
49,Alexandra Maria Lara
50,Alexis Clagett
51,Alexis Dziena
52,Alfie Allen
53,Alfre Woodard
54,Alfred Molina
55,Ali Larter
56,Alia Bhatt
57,Alia Shawkat
58,Alice Braga
59,Alice Englert
60,Alice Eve
61,Alicia Vikander
62,Alison Brie
63,Alison Pill
64,Alison Sudol
65,Alistair Abell
66,Allen Leech
67,Allison Janney
68,Allison Tolman
69,Alycia Debnam-Carey
70,Alyson Hannigan
71,Amanda Bynes
72,Amanda Peet
73,Amanda Righetti
74,Amanda Seyfried
75,Amara Miller
76,Amber Heard
77,Amber Tamblyn
78,America Ferrera
79,Amr Waked
80,Amy Adams
81,Amy Poehler
82,Amy Ryan
83,Amy Schumer
84,Ana de Armas
85,Analeigh Tipton
86,Anders Danielsen Lie
87,Anders Holm
88,Andie MacDowell
89,Andre Braugher
90,Andrea Riseborough
91,Andreas Wisniewski
92,Andrew Garfield
93,Andrew Howard
94,Andrew Scott
95,André Marcon
96,Andy Garcia
97,Andy Lau
98,Andy Powers
99,Andy Samberg
100,Andy Serkis
101,Ang Phula Sherpa
102,Angela Bassett
103,Angeliki Papoulia
104,Angelina Jolie
105,Angelo Josue Lozano Corzo
106,Angourie Rice
107,Anika Noni Rose
108,Anil Kapoor
109,Anna Camp
110,Anna Faris
111,Anna Friel
112,Anna Hutchison
113,Anna Kendrick
114,AnnaSophia Robb
115,Annabelle Wallis
116,Annalise Basso
117,Anne Dorval
118,Anne Hathaway
119,Anne Le Ny
120,Annette Bening
121,Annie Rose Buckley
122,Annika Wedderkopp
123,Ansel Elgort
124,Anthony Anderson
125,Anthony Cirillo
126,Anthony Edwards
127,Anthony Hopkins
128,Anthony Mackie
129,Antje Traue
130,Antoine-Olivier Pilon
131,Anton Adasinsky
132,Anton Yelchin
133,Antonia Ribero
134,Antonio Banderas
135,Antonio Tarver
136,Anushka Sharma
137,Anya Taylor-Joy
138,Aoi Yuki
139,Ari Graynor
140,Ariadna Gil
141,Ariel Levy
142,Arielle Holmes
143,Arlen Escarpeta
144,Armie Hammer
145,Armin Mueller-Stahl
146,Arnaud Viard
147,Arnold Schwarzenegger
148,Art Parkinson
149,Arturo Castro
150,Aryana Engineer
151,Asa Butterfield
152,Ashley Benson
153,Ashley C. Williams
154,Ashlyn Sanchez
155,Ashlynn Yennie
156,Ashton Kutcher
157,Astrid Bergès-Frisbey
158,Aubrey Plaza
159,Audrey Fleurot
160,Audrey Tautou
161,Auli'i Cravalho
162,Aurélien Recoing
163,Austin Abrams
164,Austin Stowell
165,Axel Devillers
166,Babak Karimi
167,Bahar Pars
168,Bailey Anne Borders
169,Baptiste Goy
170,Barkhad Abdi
171,Barkhad Abdirahman
172,Barry Pepper
173,Bella Heathcote
174,Bella Thorne
175,Ben Affleck
176,Ben Barnes
177,Ben Foster
178,Ben Kingsley
179,Ben Stiller
180,Ben Walker
181,Ben Whishaw
182,Ben Winchell
183,Benedict Cumberbatch
184,Benedict Wong
185,Benicio Del Toro
186,Benjamin Bratt
187,Benjamin Walker
188,Beverly D'Angelo
189,Bijou Phillips
190,Bill Hader
191,Bill Murray
192,Bill Nighy
193,Bill Paxton
194,Bill Pullman
195,Billy Bob Thornton
196,Billy Burke
197,Billy Connolly
198,Billy Crudup
199,Billy Crystal
200,Billy Magnussen
201,Blake Jenner
202,Blake Lively
203,Blythe Danner
204,Bob Balaban
205,Bob the Cat
206,Bokeem Woodbine
207,Boman Irani
208,Bonnie Hunt
209,Boyd Holbrook
210,Brad Garrett
211,Brad Pitt
212,Bradley Cooper
213,Branden Coles
214,Brandon Routh
215,Brandon Scott
216,Brandon T. Jackson
217,Bree Turner
218,Brendan Fraser
219,Brendan Gleeson
220,Brenton Thwaites
221,Brett Cullen
222,Brian Caspe
223,Brian Dennehy
224,Brian Geraghty
225,Brian Howe
226,Brian Marc
227,Brian Milligan
228,Briana Evigan
229,Brie Larson
230,Brighton Sharbino
231,Brit Marling
232,Brit Morgan
233,Britt Robertson
234,Brittany Murphy
235,Brittany Snow
236,Brooke Shields
237,Brooklyn Decker
238,Bruce Boxleitner
239,Bruce Greenwood
240,Bruce Willis
241,Bruno Campos
242,Bryan Cranston
243,Bryan Greenberg
244,Bryce Dallas Howard
245,Burt Young
246,Byung-hun Lee
247,CCH Pounder
248,Caitlyn Rund
249,Callie Hernandez
250,Callum Keith Rennie
251,Cam Gigandet
252,Cameron Diaz
253,Candice Bergen
254,Cara Buono
255,Cara Delevingne
256,Carey Mulligan
257,Carla Gugino
258,Carla Quevedo
259,Carmen Electra
260,Cary Elwes
261,Cary Joji Fukunaga
262,Casey Affleck
263,Cassie Ventura
264,Cate Blanchett
265,Catherine Keener
266,Catinca Untaru
267,Cedric the Entertainer
268,Chadwick Boseman
269,Channing Tatum
270,Charles Dance
271,Charles S. Dutton
272,Charlie Cox
273,Charlie Day
274,Charlie Hunnam
275,Charlie Tahan
276,Charlize Theron
277,Charlotte Gainsbourg
278,Charlotte Le Bon
279,Chatchawai Kamonsakpitak
280,Cheryl Hines
281,Chira Cassel
282,Chiwetel Ejiofor
283,Chloë Grace Moretz
284,Chloë Sevigny
285,Chris Cooper
286,Chris Evans
287,Chris Gethard
288,Chris Hemsworth
289,Chris Klein
290,Chris Messina
291,Chris Pine
292,Chris Pratt
293,Chris Rock
294,Chris Wedge
295,Christian Bale
296,Christian Cooke
297,Christian Distefano
298,Christian Slater
299,Christian Stevens
300,Christian Stolte
301,Christina Applegate
302,Christina Hendricks
303,Christoph Waltz
304,Christopher Evan Welch
305,Christopher Fitzgerald
306,Christopher Jordan Wallace
307,Christopher Lee
308,Christopher Meyer
309,Christopher Mintz-Plasse
310,Christopher Plummer
311,Christopher Walken
312,Christos Stergioglou
313,Ciarán Hinds
314,Cillian Murphy
315,Claire Danes
316,Clive Owen
317,Cobie Smulders
318,Cole Konis
319,Colin Farrell
320,Colin Firth
321,Colin Hanks
322,Colin Quinn
323,Colm Feore
324,Colm Meaney
325,Colton Haynes
326,Common
327,Connie Nielsen
328,Connor Paolo
329,Corbin Reid
330,Corey Hawkins
331,Corey Stoll
332,Cori Gonzalez-Macuer
333,Courteney Cox
334,Courtney Halverson
335,Craig Ferguson
336,Craig Robinson
337,Craig T. Nelson
338,Craig Van Hook
339,Crispin Glover
340,Cynthia Nixon
341,Daisy Ridley
342,Dakota Blue Richards
343,Dakota Fanning
344,Dakota Goyo
345,Dakota Johnson
346,Dale Dickey
347,Dalia Hernández
348,Damaine Radcliff
349,Damien Marzette
350,Damon Wayans Jr.
351,Dan Byrd
352,Dan Fogler
353,Dan Stevens
354,Dana Fuchs
355,Dane Cook
356,Dane DeHaan
357,Daniel Brühl
358,Daniel Craig
359,Daniel Day-Lewis
360,Daniel Fathers
361,Daniel Franzese
362,Daniel Henshall
363,Daniel Olbrychski
364,Daniel Radcliffe
365,Daniel Zovatto
366,Daniella Kertesz
367,Danielle Nicolet
368,Danielle Panabaker
369,Danila Kozlovsky
370,Danny DeVito
371,Danny Glover
372,Danny Huston
373,Danny McBride
374,Danny Sapani
375,Darsheel Safary
376,Darío Grandinetti
377,Dave Bautista
378,Dave Franco
379,David Arquette
380,David Denman
381,David Harbour
382,David James
383,David Lyons
384,David Oyelowo
385,David Spade
386,David Strathairn
387,David Thewlis
388,David Wenham
389,Dax Flame
390,Dax Shepard
391,De'Shawn Washington
392,Dean Mumford
393,Deanna Dunagan
394,Demi Moore
395,Demián Bichir
396,Denis Leary
397,Dennis Quaid
398,Denzel Washington
399,Derek Jacobi
400,Derek Jeter
401,Derek Luke
402,Derek Mears
403,Dev Patel
404,Devon Bostick
405,Diane Kruger
406,Diane Lane
407,Dianna Agron
408,Dick Van Dyke
409,Diego Boneta
410,Diego Luna
411,Dieter Laser
412,Djimon Hounsou
413,Do-won Kwak
414,Dolph Lundgren
415,Domhnall Gleeson
416,Dominic Cooper
417,Dominic West
418,Dominique McElligott
419,Don Cheadle
420,Don Thompson
421,Donald Sutherland
422,Dong-seok Ma
423,Donna Murphy
424,Donnie Yen
425,Doona Bae
426,Doug Jones
427,Dougie McConnell
428,Douglas M. Griffin
429,Drew Barrymore
430,Duan Sanderson
431,Dulé Hill
432,Duncan Duff
433,Duncan Joiner
434,Dustin Hoffman
435,Dwayne Johnson
436,Dylan Minnette
437,Dylan O'Brien
438,Ed Harris
439,Ed Helms
440,Ed O'Neill
441,Ed Oxenbould
442,Ed Skrein
443,Eddie Baroo
444,Eddie Izzard
445,Eddie Murphy
446,Eddie Redmayne
447,Edgar Ramírez
448,Edie Falco
449,Edith Scob
450,Edward Asner
451,Edward Norton
452,Edwin Wright
453,Elena Anaya
454,Eli Roth
455,Elijah Smith
456,Elijah Wood
457,Elisabeth Moss
458,Elisabeth Shue
459,Elizabeth Banks
460,Elizabeth Berrington
461,Elizabeth Debicki
462,Elizabeth Gracen
463,Elizabeth Olsen
464,Elizabeth Reaser
465,Ella Anderson
466,Ella Rumpf
467,Ellar Coltrane
468,Elle Fanning
469,Ellen Burstyn
470,Ellen DeGeneres
471,Ellen Page
472,Ellie Kemper
473,Eloise Mumford
474,Emayatzy Corinealdi
475,Emile Hirsch
476,Emilia Clarke
477,Emilie de Ravin
478,Emily Baldoni
479,Emily Blunt
480,Emily Browning
481,Emily Meade
482,Emily Mortimer
483,Emily Ratajkowski
484,Emma Bell
485,Emma Fitzpatrick
486,Emma Greenwell
487,Emma Roberts
488,Emma Stone
489,Emma Thompson
490,Emma Watson
491,Emmanuel Garijo
492,Emmanuelle Chriqui
493,Emmy Rossum
494,Emory Cohen
495,Eric Bana
496,Eric Stonestreet
497,Eric Winter
498,Erin Moriarty
499,Ernst Stötzner
500,Essie Davis
501,Ethan Hawke
502,Ethan Suplee
503,Eva Green
504,Eva Mendes
505,Evan Rachel Wood
506,Evangeline Lilly
507,Eve
508,Ewa Fröling
509,Ewan McGregor
510,Ewen Leslie
511,Ezra Miller
512,F. Murray Abraham
513,Faith Wladyka
514,Famke Janssen
515,Farid Sajjadi Hosseini
516,Felicity Jones
517,Ferdia Walsh-Peelo
518,Filip Berg
519,Florence Clery
520,Forest Whitaker
521,Fran Kranz
522,Frances O'Connor
523,Francesc Albiol
524,Frank Langella
525,François Cluzet
526,Fred Dalton Thompson
527,Freddie Crowder
528,Freddie Highmore
529,Freida Pinto
530,Gabourey Sidibe
531,Gabriel Basso
532,Gabriel Bateman
533,Gabriel Byrne
534,Gabriel Chavarria
535,Gabriela Lopez
536,Gabriella Wilde
537,Gaby Hoffmann
538,Gael García Bernal
539,Gal Gadot
540,Garance Marillier
541,Garrett Clayton
542,Garrett Hedlund
543,Garrett M. Brown
544,Gary Cole
545,Gary Oldman
546,Gaspard Schlatter
547,Gattlin Griffith
548,Gemma Arterton
549,Gemma Jones
550,Gemma Ward
551,Genesis Rodriguez
552,Geoffrey Arend
553,Geoffrey Rush
554,George Clooney
555,George Lopez
556,George MacKay
557,Gerard Butler
558,Gerardo Taracena
559,Gerry Bednob
560,Gian Keys
561,Giancarlo Esposito
562,Gil Birmingham
563,Gillian Jacobs
564,Gina Carano
565,Ginnifer Goodwin
566,Giovanni Ribisi
567,Golshifteh Farahani
568,Graham McTavish
569,Greg Kinnear
570,Gregg Weiner
571,Gregory Jones
572,Greta Gerwig
573,Gugu Mbatha-Raw
574,Guy Pearce
575,Gwyneth Paltrow
576,Hae-il Park
577,Hailee Steinfeld
578,Haley Bennett
579,Haley Joel Osment
580,Haley Lu Richardson
581,Halle Berry
582,Hans Matheson
583,Harold Perrineau
584,Harrison Ford
585,Harvey Keitel
586,Hayden Christensen
587,Hayley Atwell
588,Hayley McElhinney
589,Heath Ledger
590,Heather Matarazzo
591,Heather Sossaman
592,Hee-Bong Byun
593,Helen Mirren
594,Helena Bonham Carter
595,Henry Cavill
596,Henry Thomas
597,Hilary Swank
598,Hiroki Hasegawa
599,Hristos Passalis
600,Hugh Grant
601,Hugh Jackman
602,Hugh Laurie
603,Hugo Weaving
604,Hunter McCracken
605,Iain Glen
606,Ian Holm
607,Ian McKellen
608,Ian McShane
609,Ice Cube
610,Ida Engvoll
611,Idina Menzel
612,Idris Elba
613,Ike Barinholtz
614,Imelda Staunton
615,Imogen Poots
616,India Eisley
617,Irrfan Khan
618,Isabel Lucas
619,Isabella Rossellini
620,Isabelle Fuhrman
621,Isabelle Huppert
622,Isabelle Nélisse
623,Isla Fisher
624,Ivana Baquero
625,Ivo Nandi
626,J. Todd Smith
627,J.K. Simmons
628,Jack Black
629,Jack Davenport
630,Jack Huston
631,Jack McBrayer
632,Jack Nicholson
633,Jack O'Connell
634,Jack Reynor
635,Jacki Weaver
636,Jackie Chan
637,Jackie Earle Haley
638,Jacob Latimore
639,Jacob Tremblay
640,Jaden Smith
641,Jae Head
642,Jahking Guillory
643,Jai Courtney
644,Jaime Winstone
645,Jake Abel
646,Jake Gyllenhaal
647,Jake Johnson
648,Jamal Woolard
649,James Allen McCune
650,James Badge Dale
651,James DuMont
652,James Franco
653,James Frecheville
654,James Gandolfini
655,James Kelley
656,James Marsden
657,James Marsters
658,James McAvoy
659,James Ransone
660,James Russell
661,Jamie Bell
662,Jamie Blackley
663,Jamie Campbell Bower
664,Jamie Chung
665,Jamie Dornan
666,Jamie Foxx
667,Jan Cornet
668,Jane Fonda
669,Jane Levy
670,Jane Lynch
671,Janelle Monáe
672,Janet McTeer
673,January Jones
674,Jared Gilman
675,Jared Harris
676,Jared Leto
677,Jared Padalecki
678,Jasmine Trinca
679,Jason Bateman
680,Jason Biggs
681,Jason Clarke
682,Jason Cope
683,Jason Flemyng
684,Jason Isaacs
685,Jason Mitchell
686,Jason O'Mara
687,Jason Schwartzman
688,Jason Segel
689,Jason Statham
690,Jason Sudeikis
691,Jasper Newell
692,Javier Bardem
693,Jay Baruchel
694,Jean Reno
695,Jean-Claude Van Damme
696,Jeff Branson
697,Jeff Bridges
698,Jeff Daniel Phillips
699,Jeff Daniels
700,Jeff Goldblum
701,Jeff Kahn
702,Jeffrey Vincent Parise
703,Jeffrey Wright
704,Jemaine Clement
705,Jemima West
706,Jena Malone
707,Jenna Dewan Tatum
708,Jenna Elfman
709,Jennifer Aniston
710,Jennifer Connelly
711,Jennifer Ehle
712,Jennifer Garner
713,Jennifer Jason Leigh
714,Jennifer Lawrence
715,Jennifer Lopez
716,Jennifer Morrison
717,Jennifer Saunders
718,Jenny Slate
719,Jeremy Davies
720,Jeremy Irons
721,Jeremy McWilliams
722,Jeremy Renner
723,Jerry Ferrara
724,Jerry O'Connell
725,Jerry Stiller
726,Jesse Eisenberg
727,Jessica Alba
728,Jessica Barden
729,Jessica Barth
730,Jessica Biel
731,Jessica Brown Findlay
732,Jessica Chastain
733,Jessica Lange
734,Jessica Lucas
735,Jessica Sula
736,Jessie Ok Gray
737,Jet Li
738,Ji-min Han
739,Jim Broadbent
740,Jim Carrey
741,Jim Norton
742,Jim Parsons
743,Jim Sturgess
744,Jin-woong Jo
745,Jo Hartley
746,Joan Allen
747,Joan Cusack
748,Joanne Froggatt
749,Joaquin Phoenix
750,Jodie Foster
751,Joe Alwyn
752,Joe Anderson
753,Joel Courtney
754,Joel David Moore
755,Joel Edgerton
756,Joel Kinnaman
757,Joel McHale
758,Joey Lauren Adams
759,Joey Morgan
760,John Alexander
761,John Boyega
762,John C. McGinley
763,John C. Reilly
764,John Carroll Lynch
765,John Corbett
766,John Cullum
767,John Cusack
768,John D'Leo
769,John Doman
770,John Gallagher Jr.
771,John Goodman
772,John Hodgman
773,John Hurt
774,John Krasinski
775,John Leguizamo
776,John Malkovich
777,John Ortiz
778,John Ratzenberger
779,John Travolta
780,John Turturro
781,Johnny Depp
782,Johnny Simmons
783,Jon Bernthal
784,Jon Daly
785,Jon Favreau
786,Jon Hamm
787,Jonah Hill
788,Jonathan Daniel Brown
789,Jonathan Groff
790,Jonathan Rhys Meyers
791,Jonathan Roumie
792,Jonny Brugh
793,Jonny Weston
794,Jordan Carlos
795,Jordan Nagai
796,Jordan Peele
797,Jordana Brewster
798,Jordi Mollà
799,Jorma Taccone
800,Josef Altin
801,Joseph Fiennes
802,Joseph Gordon-Levitt
803,Joseph Mawle
804,Josh Brener
805,Josh Brolin
806,Josh Duhamel
807,Josh Gad
808,Josh Hartnett
809,Josh Hutcherson
810,Josh Lucas
811,Josh Peck
812,Josh Wiggins
813,Joshua Leonard
814,Jovan Adepo
815,Judah Lewis
816,Jude Law
817,Judi Dench
818,Judy Davis
819,Judy Greer
820,Julia Ormond
821,Julia Roberts
822,Julia Stiles
823,Julian Dennison
824,Julian Richings
825,Julianna Margulies
826,Julianne Hough
827,Julianne Moore
828,Julie Andrews
829,Julie Benz
830,Julie Walters
831,Juliet Rylance
832,Jun Kunimura
833,Jung-min Hwang
834,Jung-woo Ha
835,Juno Temple
836,Justice Smith
837,Justin Bartha
838,Justin Chatwin
839,Justin Long
840,Justin Theroux
841,Justin Timberlake
842,Justine Waddell
843,Kagiso Kuypers
844,Kaitlin Olson
845,Kang-ho Song
846,Kara Hayward
847,Karel Hermánek Jr.
848,Karen Allen
849,Karen Disher
850,Karen Gillan
851,Karin Konoval
852,Karl Glusman
853,Karl Urban
854,Kat Dennings
855,Kate Beckinsale
856,Kate Bosworth
857,Kate Dickie
858,Kate Hudson
859,Kate Mara
860,Kate McKinnon
861,Kate Upton
862,Kate Winslet
863,Katee Sackhoff
864,Katey Sagal
865,Katherine Heigl
866,Katherine Waterston
867,Kathleen Munroe
868,Kathleen Quinlan
869,Kathryn Hahn
870,Kathy Baker
871,Kathy Bates
872,Katie Crown
873,Katie Holmes
874,Kaya Scodelario
875,Keanu Reeves
876,Keegan-Michael Key
877,Keir Gilchrist
878,Keira Knightley
879,Keith Carradine
880,Keith David
881,Kelcey Watson
882,Kelly Macdonald
883,Kelly McGillis
884,Kelly Reilly
885,Kelsey Grammer
886,Ken Stott
887,Ken Watanabe
888,Kenneth Branagh
889,Kenneth Welsh
890,Kenny Wormald
891,Keri Russell
892,Kerry Washington
893,Kevin Bacon
894,Kevin Connolly
895,Kevin Costner
896,Kevin Dillon
897,Kevin Hart
898,Kevin James
899,Kevin Kline
900,Kevin Leslie
901,Kevin McKidd
902,Kevin Nealon
903,Kevin Spacey
904,Kiefer Sutherland
905,Kieran Culkin
906,Kiernan Shipka
907,Kiersey Clemons
908,Kim Cattrall
909,Kim Coates
910,Kim Uylenbroek
911,Kimberly Elise
912,Kirby Bliss Blanton
913,Kirsten Dunst
914,Kit Harington
915,Kodi Smit-McPhee
916,Kofi Siriboe
917,Kristen Bell
918,Kristen Connolly
919,Kristen Stewart
920,Kristen Wiig
921,Kristin Chenoweth
922,Kristin Davis
923,Kunal Kapoor
924,Kurt Fuller
925,Kurt Russell
926,Kyle Chandler
927,Kyle Gallner
928,Kylie Rogers
929,Kyra Sedgwick
930,Laine Megaw
931,Lainie Kazan
932,Lake Bell
933,Lara Pulver
934,Larry the Cable Guy
935,Lars Eidinger
936,Lasse Fogelstrøm
937,Laura Allen
938,Laura Dern
939,Laura Linney
940,Laura Ramsey
941,Laura Waddell
942,Lauren Birkell
943,Lauren Cohan
944,Lauren German
945,Lauren Graham
946,Lauren Holly
947,Laurence Fishburne
948,Laurence Leboeuf
949,Laurent Lucas
950,Laurie Holden
951,Lee Pace
952,Leehom Wang
953,Leland Orser
954,Lena Endre
955,Lena Headey
956,Leonard Nimoy
957,Leonardo DiCaprio
958,Lesley Manville
959,Leslie Bibb
960,Leslie Jones
961,Leslie Mann
962,Levi Miller
963,Lewis Black
964,Lewis MacDougall
965,Lia Bugnar
966,Liam Hemsworth
967,Liam McMahon
968,Liam Neeson
969,Liana Liberato
970,Liev Schreiber
971,Lili Sepe
972,Lili Taylor
973,Lily Cole
974,Lily Collins
975,Lily James
976,Lily Rabe
977,Lin Shaye
978,Linda Cardellini
979,Linda Gegusch
980,Lior Ashkenazi
981,Lisa Kudrow
982,Liv Tyler
983,Lizzy Caplan
984,Logan Lerman
985,Logan Marshall-Green
986,Logan Miller
987,Lorenza Izzo
988,Lou Romano
989,Lou Taylor Pucci
990,Louis C.K.
991,Lubna Azabal
992,Lucas Black
993,Lucas Hedges
994,Lucas Till
995,Lucy Boynton
996,Lucy Fry
997,Lucy Hale
998,Lucy Liu
999,Lucy Walters
1000,Luke Bracey
1001,Luke Evans
1002,Luke Kleintank
1003,Luke Treadaway
1004,Luke Wilson
1005,Lulu Wilson
1006,Lupita Nyong'o
1007,Lydia Wilson
1008,Lynn Collins
1009,Lynsey Taylor Mackay
1010,Léa Seydoux
1011,Mackenzie Foy
1012,Madhavan
1013,Madina Nalwanga
1014,Madison Wolfe
1015,Mads Mikkelsen
1016,Mae Whitman
1017,Maggie Grace
1018,Maggie Gyllenhaal
1019,Maggie Q
1020,Mahershala Ali
1021,Maika Monroe
1022,Malcolm McDowell
1023,Malin Akerman
1024,Malina Manovici
1025,Mandy Gonzalez
1026,Mandy Moore
1027,Marcia Gay Harden
1028,Margarita Levieva
1029,Margot Robbie
1030,Maria Bello
1031,Maria Dizzia
1032,Maria Doyle Kennedy
1033,Maria-Victoria Dragus
1034,Mariah Carey
1035,Maribel Verdú
1036,Marie Gruber
1037,Marion Cotillard
1038,Marisa Paredes
1039,Mark Ruffalo
1040,Mark Rylance
1041,Mark Strong
1042,Mark Wahlberg
1043,Marlon Wayans
1044,Martin Freeman
1045,Martin Henderson
1046,Martin Kabanza
1047,Martin Stringer
1048,Martina Gedeck
1049,Marton Csokas
1050,Mary Elizabeth Winstead
1051,Mary McCormack
1052,Mary Steenburgen
1053,Mary-Louise Parker
1054,María Marull
1055,Mason Lee
1056,Mathieu Amalric
1057,Matt Bomer
1058,Matt Damon
1059,Matt Lanter
1060,Matt Long
1061,Matt Vael
1062,Matthew Bohrer
1063,Matthew Fox
1064,Matthew Goode
1065,Matthew Macfadyen
1066,Matthew Marsden
1067,Matthew McConaughey
1068,Matthew Morrison
1069,Matthew Perry
1070,Matthew Zuk
1071,Matthias Schoenaerts
1072,Mauricio Lopez
1073,Maury Sterling
1074,Max Burkholder
1075,Max Greenfield
1076,Max Irons
1077,Max Minghella
1078,Max von Sydow
1079,Maxim Gaudette
1080,Maya Rudolph
1081,McCaul Lombardi
1082,Megan Charpentier
1083,Megan Fox
1084,Megan Park
1085,Mel Gibson
1086,Mel Raido
1087,Melissa Benoist
1088,Melissa Leo
1089,Melissa McCarthy
1090,Meryl Streep
1091,Method Man
1092,Mia Goth
1093,Mia Stallard
1094,Mia Wasikowska
1095,Michael B. Jordan
1096,Michael C. Hall
1097,Michael Caine
1098,Michael Cera
1099,Michael Chiklis
1100,Michael Constantine
1101,Michael Douglas
1102,Michael Ealy
1103,Michael Fassbender
1104,Michael Gambon
1105,Michael Ironside
1106,Michael Keaton
1107,Michael Kenneth Williams
1108,Michael Mantell
1109,Michael McDonald
1110,Michael Nyqvist
1111,Michael Parks
1112,Michael Peña
1113,Michael Pitt
1114,Michael Rooker
1115,Michael Shannon
1116,Michael Sheen
1117,Michael Stuhlbarg
1118,Michael Wittenborn
1119,Michael Yare
1120,Michel Vuillermoz
1121,Michele Valley
1122,Michelle Monaghan
1123,Michelle Pfeiffer
1124,Michelle Rodriguez
1125,Michelle Williams
1126,Michelle Yeoh
1127,Michiel Huisman
1128,Mickey Rourke
1129,Mike Birbiglia
1130,Mike Vogel
1131,Mila Kunis
1132,Miles Fisher
1133,Miles Heizer
1134,Miles Teller
1135,Milla Jovovich
1136,Milo Ventimiglia
1137,Min-hee Kim
1138,Min-sik Choi
1139,Mindy Kaling
1140,Miranda Cosgrove
1141,Mireille Enos
1142,Miyavi
1143,Mo'Nique
1144,Mohamed Akhzam
1145,Moises Arias
1146,Moisés Acevedo
1147,Molly Ringwald
1148,Momo Dione
1149,Mona Singh
1150,Mone Kamishiraishi
1151,Moon Bloodgood
1152,Morena Baccarin
1153,Morgan Freeman
1154,Morgan Saylor
1155,Munro Chambers
1156,Mustafa Kamel
1157,Mélanie Laurent
1158,Mélissa Désormeaux-Poulin
1159,Mónica Villa
1160,Nadine Velazquez
1161,Naomi Watts
1162,Naomie Harris
1163,Nat Wolff
1164,Natalie Martinez
1165,Natalie Portman
1166,Natascha McElhone
1167,Nathalie Boltt
1168,Nathan Fillion
1169,Nathan Phillips
1170,Nazanin Boniadi
1171,Ned Beatty
1172,Neel Sethi
1173,Neil Brown Jr.
1174,Neil Patrick Harris
1175,Nellie
1176,Neve Campbell
1177,Nia Vardalos
1178,Nicholas Brendon
1179,Nicholas D'Agosto
1180,Nicholas Hope
1181,Nicholas Hoult
1182,Nick Damici
1183,Nick Frost
1184,Nick Krause
1185,Nick Nolte
1186,Nick Offerman
1187,Nick Robinson
1188,Nick Swardson
1189,Nicola Peltz
1190,Nicolas Cage
1191,Nicole Beharie
1192,Nicole Kidman
1193,Nicole Parker
1194,Nikki Blonsky
1195,Nikolaj Coster-Waldau
1196,Nina Dobrev
1197,Noah Wiseman
1198,Noel Fisher
1199,Noomi Rapace
1200,O'Shea Jackson Jr.
1201,Oakes Fegley
1202,Oaklee Pendergast
1203,Octavia Spencer
1204,Odeya Rush
1205,Olga Kurylenko
1206,Oliver Cooper
1207,Oliver Platt
1208,Olivia Colman
1209,Olivia Cooke
1210,Olivia DeJonge
1211,Olivia Luccardi
1212,Olivia Moyles
1213,Olivia Munn
1214,Olivia Thirlby
1215,Olivia Wilde
1216,Olivia Williams
1217,Omar Sy
1218,Oona Laurence
1219,Oprah Winfrey
1220,Orlando Bloom
1221,Orto Ignatiussen
1222,Oscar Isaac
1223,Owen Wilson
1224,Pablo Rago
1225,Pablo Schreiber
1226,Patricia Arquette
1227,Patricia Clarkson
1228,Patrick Dempsey
1229,Patrick Huard
1230,Patrick Stewart
1231,Patrick Wilson
1232,Patton Oswalt
1233,Paul Anderson
1234,Paul Bettany
1235,Paul Birchard
1236,Paul Borghese
1237,Paul Dano
1238,Paul Giamatti
1239,Paul Newman
1240,Paul Reiser
1241,Paul Rudd
1242,Paul Sidhu
1243,Paul Walker
1244,Paula Beer
1245,Paula Patton
1246,Paulin Jaccoud
1247,Penelope Wilton
1248,Penn Badgley
1249,Penélope Cruz
1250,Peter Dinklage
1251,Peter Facinelli
1252,Peter McRobbie
1253,Peter Sarsgaard
1254,Peter Simonischek
1255,Peter Stormare
1256,Philip Seymour Hoffman
1257,Phylicia Rashad
1258,Pierce Brosnan
1259,Pierre Coffin
1260,Pierre Niney
1261,Portia Doubleday
1262,Priyanka Moodley
1263,Queen Latifah
1264,Quinton Aaron
1265,Quvenzhané Wallis
1266,RJ Cyler
1267,Rabah Nait Oufella
1268,Rachael Harris
1269,Rachel Bilson
1270,Rachel Blanchard
1271,Rachel House
1272,Rachel Korine
1273,Rachel McAdams
1274,Rachel Weisz
1275,Rachel Wood
1276,Raffey Cassidy
1277,Rainn Wilson
1278,Ralph Fiennes
1279,Ralph Ineson
1280,Randall Park
1281,Randy Couture
1282,Raoul Max Trujillo
1283,Rasmus Hardiker
1284,Ray Romano
1285,Ray Stevenson
1286,Ray Winstone
1287,Rebecca Ferguson
1288,Rebecca Hall
1289,Rebel Wilson
1290,Reese Witherspoon
1291,Regina Hall
1292,Reiko Aylesworth
1293,Ren Ôsugi
1294,Rene Russo
1295,Renée Zellweger
1296,Rhona Mitra
1297,Rhys Ifans
1298,Ricardo Darín
1299,Riccardo Scamarcio
1300,Richard Armitage
1301,Richard Brake
1302,Richard Dreyfuss
1303,Richard Gere
1304,Richard Jenkins
1305,Richard Madden
1306,Rihanna
1307,Rila Fukushima
1308,Riley Keough
1309,Riley Thomas Stewart
1310,Rima Te Wiata
1311,Rinko Kikuchi
1312,Rip Torn
1313,Rita Cortese
1314,Riz Ahmed
1315,Rizwan Manji
1316,Rob Corddry
1317,Rob Riggle
1318,Robbie Amell
1319,Robert Capron
1320,Robert Carlyle
1321,Robert De Niro
1322,Robert Downey Jr.
1323,Robert Duvall
1324,Robert Hoffman
1325,Robert Knepper
1326,Robert Patrick
1327,Robert Pattinson
1328,Robert Redford
1329,Robert Sheehan
1330,Robin Williams
1331,Robin Wright
1332,Rodrigo Santoro
1333,Roger Bart
1334,Rolf Lassgård
1335,Roman Kolinka
1336,Ron Livingston
1337,Ron Perlman
1338,Rooney Mara
1339,Rory Cochrane
1340,Rory J. Saper
1341,Rosamund Pike
1342,Rosario Dawson
1343,Rose Byrne
1344,Rose Leslie
1345,Rosemarie DeWitt
1346,Rosie Huntington-Whiteley
1347,Rosie Shaw
1348,Ross Kimball
1349,Rostislav Bershauer
1350,Ruby Barnhill
1351,Rubén Blades
1352,Rudy Youngblood
1353,Rufus Sewell
1354,Rupert Evans
1355,Rupert Friend
1356,Rupert Grint
1357,Russell Brand
1358,Russell Crowe
1359,Ruta Gedmintas
1360,Ruth Negga
1361,Ruth Wilson
1362,Ryan Gosling
1363,Ryan Guzman
1364,Ryan Lee
1365,Ryan Potter
1366,Ryan Reynolds
1367,Ryoko Seta
1368,Ryô Narita
1369,Ryûnosuke Kamiki
1370,Sacha Baron Cohen
1371,Sachet Engineer
1372,Salim Kechiouche
1373,Salli Richardson-Whitfield
1374,Sally Field
1375,Sally Hawkins
1376,Sally Phillips
1377,Salma Hayek
1378,Sam Claflin
1379,Sam Elliott
1380,Sam Neill
1381,Sam Riley
1382,Sam Rockwell
1383,Sam Shepard
1384,Sam Worthington
1385,Samantha Isler
1386,Samantha Morton
1387,Samantha Robinson
1388,Samuel L. Jackson
1389,Sandra Bullock
1390,Sandra Hüller
1391,Sanjay Dutt
1392,Saoirse Ronan
1393,Sarah Butler
1394,Sarah Clarke
1395,Sarah Dumont
1396,Sarah Gadon
1397,Sarah Jessica Parker
1398,Sarah Paulson
1399,Sarah Silverman
1400,Sarita Choudhury
1401,Sasha Lane
1402,Satomi Ishihara
1403,Saurabh Shukla
1404,Scarlett Johansson
1405,Scott Adsit
1406,Scott Eastwood
1407,Scott Glenn
1408,Scott Lawrence
1409,Scott Mescudi
1410,Scott Speedman
1411,Sean Bean
1412,Sean Bott
1413,Sean Bridgers
1414,Sean Faris
1415,Sean Patrick Thomas
1416,Sean Penn
1417,Seann William Scott
1418,Sebastian Koch
1419,Sebastian Stan
1420,Selena Gomez
1421,Selma Blair
1422,Sergi López
1423,Seth MacFarlane
1424,Seth Rogen
1425,Seychelle Gabriel
1426,Shad Moss
1427,Shah Rukh Khan
1428,Shahab Hosseini
1429,Shailene Woodley
1430,Shameik Moore
1431,Shareeka Epps
1432,Shariff Earp
1433,Sharlto Copley
1434,Sharman Joshi
1435,Shawn Roberts
1436,Shea Adams
1437,Sheila Kelley
1438,Shelley Hennig
1439,Sheri Moon Zombie
1440,Shia LaBeouf
1441,Shiloh Fernandez
1442,Sienna Guillory
1443,Sienna Miller
1444,Sigourney Weaver
1445,Sigrid Bouaziz
1446,Simon Cotton
1447,Simon Helberg
1448,Simon Pegg
1449,Sixtine Murat
1450,Skyler Gisondo
1451,So-ri Moon
1452,Soledad Villamil
1453,Sonoya Mizuno
1454,Soo-an Kim
1455,Sophie Okonedo
1456,Sophie Perry
1457,Stacy Martin
1458,Stanley Tucci
1459,Steele Stebbins
1460,Stellan Skarsgård
1461,Stephen Dorff
1462,Stephen Henderson
1463,Stephen Lang
1464,Stephen Merchant
1465,Stephen Rea
1466,Steve Buscemi
1467,Steve Carell
1468,Steve Coogan
1469,Steve Lantz
1470,Steve Martin
1471,Steve Wiebe
1472,Steve Zahn
1473,Steven Mackintosh
1474,Steven Pasquale
1475,Steven Yeun
1476,Storm Acheche Sahlstrøm
1477,Storm Reid
1478,Stuart Graham
1479,Su Elliot
1480,Sue Dahlman
1481,Sullivan Stapleton
1482,Sunny Pawar
1483,Suraj Sharma
1484,Susan Sarandon
1485,Suzanne Clément
1486,Sylvester Stallone
1487,Sylvia Hoeks
1488,T.I.
1489,T.J. Miller
1490,T.R. Knight
1491,Tabu
1492,Tadanobu Asano
1493,Taika Waititi
1494,Tammy Blanchard
1495,Tanay Chheda
1496,Tangie Ambrose
1497,Tania Raymonde
1498,Tao Okamoto
1499,Taraji P. Henson
1500,Taraneh Alidoosti
1501,Taron Egerton
1502,Taylor Kitsch
1503,Taylor Lautner
1504,Taylor Schilling
1505,Taylor Swift
1506,Ted Levine
1507,Temuera Morrison
1508,Terence Stamp
1509,Teresa Navarro
1510,Teresa Palmer
1511,Teri Hatcher
1512,Terrence Howard
1513,Terry Chen
1514,Terry Crews
1515,Tessa Thompson
1516,Teyonah Parris
1517,Thandie Newton
1518,Theo James
1519,Theo Rossi
1520,Thomas Bo Larsen
1521,Thomas Brodie-Sangster
1522,Thomas Haden Church
1523,Thomas Jane
1524,Thomas Lennon
1525,Thomas Loibl
1526,Thomas M. Wright
1527,Thomas Mann
1528,Tian Jing
1529,Tiffany Haddish
1530,Tijuana Ricks
1531,Til Schweiger
1532,Tilda Swinton
1533,Tim Allen
1534,Tim Blake Nelson
1535,Tim McGraw
1536,Tim Roth
1537,Timothy Olyphant
1538,Timothy Spall
1539,Tina Fey
1540,Tobey Maguire
1541,Tobias Menzies
1542,Toby Jones
1543,Toby Kebbell
1544,Tom Costello
1545,Tom Cruise
1546,Tom Felton
1547,Tom Hanks
1548,Tom Hardy
1549,Tom Hiddleston
1550,Tom Holland
1551,Tom Hudson
1552,Tom Mison
1553,Tom Prior
1554,Tom Wilkinson
1555,Tommy Lee Jones
1556,Toni Collette
1557,Tony Amendola
1558,Tony Danza
1559,Tony Goldwyn
1560,Tony Revolori
1561,Tony Shalhoub
1562,Topher Grace
1563,Tracy Letts
1564,Travis Fimmel
1565,Trey Songz
1566,Ty Simpkins
1567,Tye Sheridan
1568,Tyler Hoechlin
1569,Tyler James Williams
1570,Tyler Perry
1571,Tyne Daly
1572,Tyrese Gibson
1573,Ulrich Mühe
1574,Ulrich Tukur
1575,Usher Raymond
1576,Valerie Mahaffey
1577,Vanessa Hudgens
1578,Vanessa Lachey
1579,Vanessa Ross
1580,Vera Farmiga
1581,Vernetta Lopez
1582,Vicky Krieps
1583,Victoria Justice
1584,Viggo Mortensen
1585,Vilen Babichev
1586,Vin Diesel
1587,Vince Vaughn
1588,Vincent Cassel
1589,Vincent D'Onofrio
1590,Vincent Ebrahim
1591,Vincent Kartheiser
1592,Ving Rhames
1593,Vinnie Jones
1594,Viola Davis
1595,Walton Goggins
1596,Ward Horton
1597,Wei Tang
1598,Wendi McLendon-Covey
1599,Wendy Crewson
1600,Wentworth Miller
1601,Wenwen Han
1602,Werner Herzog
1603,Wes Bentley
1604,Will Arnett
1605,Will Dalton
1606,Will Ferrell
1607,Will Poulter
1608,Will Smith
1609,Will Yun Lee
1610,Willem Dafoe
1611,William Fichtner
1612,William Hurt
1613,William Moseley
1614,Winona Ryder
1615,Woo-hee Chun
1616,Woody Allen
1617,Woody Harrelson
1618,Xavier Samuel
1619,Yoo Gong
1620,Yu-mi Jung
1621,Yun-Fat Chow
1622,Yutaka Takenouchi
1623,Zac Efron
1624,Zac Mattoon O'Brien
1625,Zach Galifianakis
1626,Zach Grenier
1627,Zachary Gordon
1628,Zachary Levi
1629,Zachary Quinto
1630,Zachery Ty Bryan
1631,Zoe Kazan
1632,Zoe Saldana
1633,Zoey Deutch
1634,Zooey Deschanel
1635,Zoë Kravitz
1636,Ólafur Darri Ólafsson
1637,Óscar Jaenada
